{
	"name": "Cavendish",
	"author": [
		"Daniel Schuba",
		"Jack Phoenix",
		"Samantha Nguyen"
	],
	"version": "2.5.0",
	"@note": "Remember to update the version number in SkinCavendish.php, too, since it's passed to the \"cavendish-skin-info\" i18n message!",
	"url": "https://www.mediawiki.org/wiki/Skin:Cavendish",
	"descriptionmsg": "cavendish-desc",
	"namemsg": "skinname-cavendish",
	"license-name": "GPL-2.0-or-later",
	"type": "skin",
	"requires": {
		"MediaWiki": ">= 1.35.0"
	},
	"ConfigRegistry": {
		"cavendish": "GlobalVarConfig::newInstance"
	},
	"config": {
		"CavendishColor": "blue",
		"CavendishExtensionCSS": true,
		"CavendishLogoURL": false,
		"CavendishLogoWidth": 322,
		"CavendishLogoHeight": 53,
		"CavendishLogoMargin": 10,
		"CavendishQRUrlAdd": "?pk_campaign=qr-code",
		"CavendishQRCode": false,
		"CavendishQRCodeMode": "all",
		"CavendishSiteWidth": false,
		"CavendishSidebarSearchbox": false
	},
	"ValidSkinNames": {
		"cavendish": "Cavendish"
	},
	"MessagesDirs": {
		"Cavendish": [
			"i18n"
		]
	},
	"ResourceModules": {
		"skins.cavendish": {
			"class": "ResourceLoaderSkinModule",
			"features": [
				"elements",
				"content",
				"interface",
				"logo",
				"legacy"
			],
			"styles": {
				"resources/cavendish.css": {
					"media": "screen"
				},
				"resources/print.css": {
					"media": "print"
				}
			}
		},
		"skins.cavendish.dynamic": {
			"class": "ResourceLoaderCavendishSkinModule"
		},
		"skins.cavendish.extensions": {
			"styles": {
				"resources/extensions/extensions.css": {
					"media": "screen"
				}
			}
		},
		"skins.cavendish.blue": {
			"styles": {
				"resources/colors/blue.css": {
					"media": "screen"
				}
			}
		},
		"skins.cavendish.brown": {
			"styles": {
				"resources/colors/brown.css": {
					"media": "screen"
				}
			}
		},
		"skins.cavendish.green": {
			"styles": {
				"resources/colors/green.css": {
					"media": "screen"
				}
			}
		}
	},
	"ResourceFileModulePaths": {
		"localBasePath": "",
		"remoteSkinPath": "Cavendish"
	},
	"AutoloadClasses": {
		"ResourceLoaderCavendishSkinModule": "ResourceLoaderCavendishSkinModule.php",
		"SkinCavendish": "SkinCavendish.php",
		"CavendishTemplate": "SkinCavendish.php"
	},
	"ResourceModuleSkinStyles": {
		"cavendish": {
			"+ext.babel": "resources/extensions/babel.css",
			"+ext.cite.style": "resources/extensions/ext.cite.style.css",
			"+ext.echo.styles.badge": "resources/extensions/ext.echo.styles.badge.css",
			"+ext.flaggedRevs.basic": "resources/extensions/ext.flaggedRevs.basic.css",
			"+ext.inputBox.styles": "resources/extensions/ext.inputBox.styles.css",
			"+ext.liquidThreads": "resources/extensions/ext.liquidThreads.css",
			"+ext.openid.plain": "resources/extensions/ext.openid.plain.css",
			"+ext.pageforms.main": "resources/extensions/ext.pageforms.main.css",
			"+ext.pygments": "resources/extensions/ext.pygments.css",
			"+ext.semanticdrilldown.main": "resources/extensions/ext.semanticdrilldown.main.css",
			"+ext.smw.style": "resources/extensions/ext.smw.style.css",
			"+jquery.wikiEditor": "resources/extensions/jquery.wikiEditor.css",
			"+mediawiki.action.edit": "resources/mediawiki/action.edit.css",
			"+mediawiki.action.history.styles": "resources/mediawiki/action.history.styles.css",
			"+mediawiki.action.view.filepage": "resources/mediawiki/action.view.filepage.css",
			"+mediawiki.action.view.redirectPage": "resources/mediawiki/action.view.redirectPage.css",
			"+mediawiki.diff.styles": "resources/mediawiki/diff.styles.css",
			"+mediawiki.page.gallery.styles": "resources/mediawiki/page.gallery.styles.css",
			"+mediawiki.special.changeslist.enhanced": "resources/mediawiki/special.changeslist.enhanced.css",
			"+mediawiki.special.version": "resources/mediawiki/special.version.css",
			"+mediawiki.toc": "resources/mediawiki/toc.css"
		}
	},
	"manifest_version": 1
}
